UsernName,FileName,Date,GPSLatitude,GPSLongitude
janegetdatdoe ,"0E35B068-F8E6-45DD-AC7B-3D3FF16126C8.JPEG
 ~/Documents/Personal/Cal Hacks/Sample Data_2014-2018 сору","8/7/17, 11:04 AM",33.3448,-118.32648
janegetdatdoe ,"OFBD1C56-BE7D-432A-8497-AF48078B96DE.JPEG
 ~/Documents/Personal/Cal Hacks/Sample Data_2014-2018 cop","7/10/17, 9:21 PM",33.69943,-117.91808
janegetdatdoe ,"1D904A60-189B-4F2A-AE3B-D968A78B9D37.JPEG
 ~/Documents/Personal/Cal Hacks/Sample Data_2014-2018 copy","7/14/17, 10:08 PM",34.063179,-118.30943
janegetdatdoe ,"3A107519-0AD8-4AE4-AC34-D6DB02E85B13.jpg
 ~/Documents/Personal/Cal Hacks/Sample Data_2014-2018 cop","7/30/17, 10:50 PM",33.7555,-117.90724
janegetdatdoe ,"4C366278-7317-4ACB-B931-A83CE72C9FBC.jpg
 ~/Documents/Personal/Cal Hacks/Sample Data_2014-2018 copy","4/16/17, 7:16 PM",34.029009,-118.22666
janegetdatdoe ,"5BDACAD2-OBBA-4380-B8F6-D87324E28DC7.jpg
 ~/Documents/Personal/Cal Hacks/Sample Data_2014-2018 copy","7/6/17, 8:43 PM",33.64964,-117.83309
janegetdatdoe ,"5C71A21C-144D-4784-B6E2-7A4D8CE2C904.jpg
 ~/Documents/Personal/Cal Hacks/Sample Data_2014-2018 copy","1/31/18, 4:55 PM",33.67684,-117.77765
janegetdatdoe ,"5E086B04-2D6D-4AF6-8510-143EB5EC75CC.jpg
 ~/Documents/Personal/Cal Hacks/Sample Data_2014-2018 copy","5/19/17, 5:22 PM",33.700729,-117.95587
janegetdatdoe ,"5F3083B6-6B10-4611-9C18-C6379E61C3D4.JPEG
 ~/Documents/Personal/Cal Hacks/Sample Data_2014-2018 copy","5/15/17, 9:57 PM",33.65112,-117.83165
janegetdatdoe ,"7F158E7F-8B00-49A6-8546-FBE3B05F77BE.JPEG
 ~/Documents/Personal/Cal Hacks/Sample Data_2014-2018 copy","5/13/17, 10:06 PM",34.0171,-118.28402
janegetdatdoe ,"8B6A5475-04D6-4868-8F59-8C118A6B7326.jpg
 ~/Documents/Personal/Cal Hacks/Sample Data_2014-2018 copy","6/15/18, 4:41 PM",33.67759,-117.88557
janegetdatdoe ,"8EB82D6F-20AE-4317-B613-BAF4C0795436.JPEG
 ~/Documents/Personal/Cal Hacks/Sample Data_2014-2018 copy","1/28/17, 2:38 AM",33.651279,-117.83157
janegetdatdoe ,"39ADEEF9-69F3-4A9E-AC83-B6B9060D2A05.jpg
 ~/Documents/Personal/Cal Hacks/Sample Data_2014-2018 copy","12/14/18, 4:55 PN",37.813169,-122.26801
janegetdatdoe ,"42FBEFA2-F8F7-4A6F-89C5-704272CF09B.JPEG
 ~/Documents/Personal/Cal Hacks/Sample Data_2014-2018 copy","5/23/18, 7:01 PM",33.67526,-117.77618
janegetdatdoe ,"43AC0292-20A0-4F95-8313-E8CA21B8CFFB.jpg
 ~/Documents/Personal/Cal Hacks/Sample Data_2014-2018 copy","8/11/17, 6:41 PM",33.65102,-117.83166
janegetdatdoe ,"99F50D3E-AFA0-4D13-995F-36A9EF9390C4.jpg
 ~/Documents/Personal/Cal Hacks/Sample Data_2014-2018 copy","5/5/18, 11:45 PM",33.75615,-117.90749
janegetdatdoe ,"198C6FCF-134A-4FAE-BF08-C7EEE554BBE6.jpg
 ~/Documents/Personal/Cal Hacks/Sample Data_2014-2018 copy","2/18/18, 2:00 PM",33.69093,-117.88805
janegetdatdoe ,"409ЕЗС-43B9-4D70-A8B2-73C82521B063.jpg
 ~/Documents/Personal/Cal Hacks/Sample Data_2014-2018 copy","6/3/18, 7:25 PM",34.975709,-85.26227
janegetdatdoe ,"949B7DC1-BBFA-406B-B6D2-FE6F4D9C9007.JPEG
 ~/Documents/Personal/Cal Hacks/Sample Data_2014-2018 copy","2/20/18, 10:06 PM",33.697069,-117.82677
janegetdatdoe ,"35854A81-8817-4B1E-88AC-6852CEC3CC24.jpg
 ~/Documents/Personal/Cal Hacks/Sample Data_2014-2018 сору","4/25/18, 11:08 PM",33.69568,-117.79941
janegetdatdoe ,"130639B0-812D-4C9F-A7CB-129F5432B5AC.jpg
 ~/Documents/Personal/Cal Hacks/Sample Data_2014-2018 copy","12/29/18, 2:33 PM",33.774089,-117.86932
janegetdatdoe ,"849149FF-95AA-4030-BCB8-D34134648304.jpg
 ~/Documents/Personal/Cal Hacks/Sample Data_2014-2018 copy","12/29/18, 7:56 PM",34.04146,-118.2521
janegetdatdoe ,"A04A09AE-5808-4F5B-8E68-3194DF81B23C.jpg
 ~/Documents/Personal/Cal Hacks/Sample Data_2014-2018 copy","12/17/16, 4:50 PM",33.78722,-117.85312
janegetdatdoe ,"ABAD6D40-7148-4287-A147-F27AAC39884C.jpg
 ~/Documents/Personal/Cal Hacks/Sample Data_2014-2018 copy","10/30/15, 3:10 PM",33.65109,-117.83163
janegetdatdoe ,"B98D5657-CC84-400C-8AD7-66C62E56445A.jpg
 ~/Documents/Personal/Cal Hacks/Sample Data_2014-2018 copy","9/22/18, 6:05 PM",33.64972,-117.74195
janegetdatdoe ,"CODDE970-C8C1-49F9-8CFD-88A6C168DC8D.jpg
 ~/Documents/Personal/Cal Hacks/Sample Data_2014-2018 copy","12/26/16, 9:56 PM",33.70286,-117.97059
janegetdatdoe ,"C2697C54-8EFF-4DF7-9DFC-3B99DD5A754C.JPEG
 ~/Documents/Personal/Cal Hacks/Sample Data_2014-2018 copy","5/14/17, 6:06 PM",33.76666,-117.91939
janegetdatdoe ,"C09004A2-BBB4-430D-92B1-D341DBA83C4E.jpg
 ~/Documents/Personal/Cal Hacks/Sample Data_2014-2018 copy","5/19/18, 11:16 PM",33.76025,-117.95464
janegetdatdoe ,"C5576926-CDEA-4B95-A115-C52E506D4188.jpg
 ~/Documents/Personal/Cal Hacks/Sample Data_2014-2018 copy","4/7/17, 9:05 AM",33.79816,-117.76724
janegetdatdoe ,"CF353A3B-D1A8-4AEF-89DE-6C49270CC839.jpg
 ~/Documents/Personal/Cal Hacks/Sample Data_2014-2018 сору","9/2/17, 5:05 PM",33.68422,-117.81447
janegetdatdoe ,"D77DCF00-EAF0-4150-9680-F2B250D51BAB.jpg
 ~/Documents/Personal/Cal Hacks/Sample Data_2014-2018 copy","3/25/17, 1:44 AM",33.82344,-118.24326
janegetdatdoe ,"DFC3330E-82EB-4840-8AAD-BAC86D33C8AC.jpg
 ~/Documents/Personal/Cal Hacks/Sample Data_2014-2018 copy","3/18/17, 8:00 PM",33.98508,-117.37161
janegetdatdoe ,"E0F685C7-0B7A-4D0D-B1AC-623C8DAA89FD.JPEG
 ~/Documents/Personal/Cal Hacks/Sample Data_2014-2018 copy","8/10/17, 9:55 AM",33.70662,-117.73884
janegetdatdoe ,"E21C7DB5-1559-4A3E-BB95-FED25D4A2FD8.jpg
 ~/Documents/Personal/Cal Hacks/Sample Data_2014-2018 copy","8/25/17, 2:54 PM",34.02727,-117.83711
janegetdatdoe ,"E26A80FA-CCA7-413A-B462-18923B22DDD7.jpg
 ~/Documents/Personal/Cal Hacks/Sample Data_2014-2018 сору","5/19/17, 5:15 PM",33.700749,-117.95592
janegetdatdoe ,"E6125C26-839C-4B87-B6FE-C99B4B68F681.jpg
 ~/Documents/Personal/Cal Hacks/Sample Data_2014-2018 copy","2/15/18, 3:37 PM",33.67746,-117.77826
janegetdatdoe ,"E3623410-E6B6-423E-923D-3DC561FECC9A.JPEG
 ~/Documents/Personal/Cal Hacks/Sample Data_2014-2018 copy","9/7/18, 6:50 PM",37.778569,-122.41767
janegetdatdoe ,IMG_0013.JPG,"9/25/14, 8:25 AM",33.65206,-117.82357
janegetdatdoe ,"IMG_0023.jpeg
 ~/Documents/Personal/Cal Hacks/Sample Data_2014-2018 copy","4/13/18, 2:23 PM",33.74884,-116.30015
janegetdatdoe ,"IMG_0036.JPG
 ~/Documents/Personal/Cal Hacks/Sample Data_2014-2018 cop","9/25/14, 2:59 PM",33.6514,-117.82201
janegetdatdoe ,"IMG_0097.JPG
 ~/Documents/Personal/Cal Hacks/Sample Data_2014-2018 copy","12/29/17, 4:00 PM",34.00733,-118.15266
janegetdatdoe ,"IMG_0106.JPG
 ~/Documents/Personal/Cal Hacks/Sample Data_2014-2018 copy","12/29/17, 9:34 PM",34.102819,-118.11179
janegetdatdoe ,"IMG_0140.JPG
 ~/Documents/Personal/Cal Hacks/Sample Data_2014-2018 copy|",-,33.744,-117.95683
janegetdatdoe ,"IMG_0159.HEIC
 ~/Documents/Personal/Cal Hacks/Sample Data_2014-2018 copy","9/22/18, 7:48 PM",33.649889,-117.74473
janegetdatdoe ,"IMG_0163.JPEG
 ~/Documents/Personal/Cal Hacks/Sample Data_2014-2018 copy","9/22/18, 11:06 PM",33.65146,-117.74387
janegetdatdoe ,"IMG_0169.JPG
 ~/Documents/Personal/Cal Hacks/Sample Data_2014-2018 copy","12/28/16, 9:40 PM",33.85504,-117.83704
janegetdatdoe ,"IMG_0173.JPG
 ~/Documents/Personal/Cal Hacks/Sample Data_2014-2018 copy","9/29/14, 3:06 PM",33.651679,-117.82363
janegetdatdoe ,"IMG_0175.JPG
 ~/Documents/Personal/Cal Hacks/Sample Data_2014-2018 copy","12/29/16, 8:04 PM",33.6507,-117.74425
janegetdatdoe ,"IMG_0177.JPG
 ~/Documents/Personal/Cal Hacks/Sample Data_2014-2018 copy","12/31/17, 5:47 PM",33.71349,-117.97224
janegetdatdoe ,"IMG_0190.JPG
 ~/Documents/Personal/Cal Hacks/Sample Data_2014-2018 copy","9/30/14, 10:08 AM",33.651779,-117.82333
janegetdatdoe ,"IMG_0226.JPG
 ~/Documents/Personal/Cal Hacks/Sample Data_2014-2018 сору","9/30/14, 10:09 AM",33.65183,-117.82325
janegetdatdoe ,"IMG_0292.JPG
 ~/Documents/Personal/Cal Hacks/Sample Data_2014-2018 copy","2/22/13, 5:42 PM",33.66233,-117.831
janegetdatdoe ,"IMG_0294.JPG
 ~/Documents/Personal/Cal Hacks/Sample Data_2014-2018 copy","1/1/18, 12:16 PM",34.237619,-117.02577
janegetdatdoe ,"IMG_0322.HEIC
 ~/Documents/Personal/Cal Hacks/Sample Data_2014-2018 copy","9/29/18, 2:53 PM",39.29952,-120.38139
janegetdatdoe ,"IMG_0373.JPG
 ~/Documents/Personal/Cal Hacks/Sample Data_2014-2018 copy","10/3/14, 5:24 PM",33.651339,-117.82236
janegetdatdoe ,"IMG_0417.JPG
 ~/Documents/Personal/Cal Hacks/Sample Data_2014-2018 copy","10/5/14, 4:17 PM",33.779609,-117.88847
janegetdatdoe ,"IMG_0534.JPG
 ~/Documents/Personal/Cal Hacks/Sample Data_2014-2018 copy","1/16/17, 3:36 PM",33.55923,-117.75035
janegetdatdoe ,"IMG_0546.JPG
 ~/Documents/Personal/Cal Hacks/Sample Data_2014-2018 copy","1/19/17, 3:33 PM",33.651179,-117.8316
janegetdatdoe ,"IMG_0554.JPG
 ~/Documents/Personal/Cal Hacks/Sample Data_2014-2018 copy","10/9/14, 4:41 PM",33.64972,-117.83076
janegetdatdoe ,"IMG_0557.JPG
 ~/Documents/Personal/Cal Hacks/Sample Data_2014-2018 copy","10/9/14, 4:41 PM",33.64976,-117.830779
janegetdatdoe ,"IMG_0588.JPG
 ~/Documents/Personal/Cal Hacks/Sample Data_2014-2018 сору","1/7/18, 9:52 PM",33.94296,-118.40009
janegetdatdoe ,"IMG_0610.jpeg
 ~/Documents/Personal/Cal Hacks/Sample Data_2014-2018 copy","12/31/18, 11:03 PM",,
janegetdatdoe ,"IMG_0632.JPG
 ~/Documents/Personal/Cal Hacks/Sample Data_2014-2018 copy","4/8/18, 9:21 PM",33.76059,-117.95374
janegetdatdoe ,"IMG_0635.JPG
 ~/Documents/Personal/Cal Hacks/Sample Data_2014-2018 copy","17/18, 2:12 PM",33.691739,-117.87573
janegetdatdoe ,"IMG_0654.JPG
 ~/Documents/Personal/Cal Hacks/Sample Data_2014-2018 сору","1/10/18, 2:03 AM",33.83904,-117.98942
janegetdatdoe ,"IMG_0711.JPG
 ~/Documents/Personal/Cal Hacks/Sample Data_2014-2018 сору","1/12/18, 3:05 PM",33.69208,-117.88716
janegetdatdoe ,"IMG_0719.HEIC
 ~/Documents/Personal/Cal Hacks/Sample Data_2014-2018 сору","10/20/18, 7:20 PM",37.75815,-122.46354
janegetdatdoe ,"IMG_0745.JPG
 ~/Documents/Personal/Cal Hacks/Sample Data_2014-2018 copy","1/27/17, 9:22 PM",33.666799,-117.89875
janegetdatdoe ,"IMG_0778.JPG
 ~/Documents/Personal/Cal Hacks/Sample Data_2014-2018 cop","1/20/18, 3:20 PM",33.839059,-117.9894
janegetdatdoe ,"IMG_0782.HEIC
 ~/Documents/Personal/Cal Hacks/Sample Data_2014-2018 copy","10/27/18, 10:38 PM",33.674919,-117.82488
janegetdatdoe ,"IMG_0813.JPG
 ~/Documents/Personal/Cal Hacks/Sample Data_2014-2018 сору","10/15/14, 12:18 PM",33.65166,-117.82336
janegetdatdoe ,"IMG_0840.JPG
 ~/Documents/Personal/Cal Hacks/Sample Data_2014-2018 copy","1/25/18, 9:41 PM",33.68819,-117.83414
janegetdatdoe ,"IMG_0852.JPG
 ~/Documents/Personal/Cal Hacks/Sample Data_2014-2018 copy","1/26/18, 11:38 AM",33.83898,-117.98951
janegetdatdoe ,"IMG_0858.JPG
 ~/Documents/Personal/Cal Hacks/Sample Data_2014-2018 copy","10/16/14, 10:56 AM",33.65229,-117.82261
janegetdatdoe ,"IMG_0866.JPG
 ~/Documents/Personal/Cal Hacks/Sample Data_2014-2018 copy","2/3/17, 2:03 PM",33.65113,-117.83174
janegetdatdoe ,"IMG_0889.JPG
 ~/Documents/Personal/Cal Hacks/Sample Data_2014-2018 сору","1/28/18, 1:43 AM",33.6086,-117.92909
janegetdatdoe ,"IMG_0897.JPEG
 ~/Documents/Personal/Cal Hacks/Sample Data_2014-2018 copy","2/4/17, 5:11 PM",33.651189,-117.83171
janegetdatdoe ,"IMG_0922.JPG
 ~/Documents/Personal/Cal Hacks/Sample Data_2014-2018 copy","10/18/14, 4:25 PM",33.651119,-117.831699
janegetdatdoe ,"IMG_0933.JPG
 ~/Documents/Personal/Cal Hacks/Sample Data_2014-2018 copy","1/31/18, 11:05 PM",33.839019,-117.98939
janegetdatdoe ,"IMG_0941.JPG
 ~/Documents/Personal/Cal Hacks/Sample Data_2014-2018 copy","2/1/18, 9:07 AM",33.839029,-117.98948
janegetdatdoe ,"IMG_1122.JPG
 ~/Documents/Personal/Cal Hacks/Sample Data_2014-2018 copy","10/26/14, 7:32 PM",33.75622,-117.90756
janegetdatdoe ,"IMG_1158.JPG
 ~/Documents/Personal/Cal Hacks/Sample Data_2014-2018 copy","2/27/17, 8:48 PM",33.68846,-117.83281
janegetdatdoe ,"IMG_1213.JPG
 ~/Documents/Personal/Cal Hacks/Sample Data_2014-2018 copy","2/7/18, 5:38 PM",33.67502,-117.77604
janegetdatdoe ,"IMG_1244.JPG
 ~/Documents/Personal/Cal Hacks/Sample Data_2014-2018 copy","3/3/17, 3:55 PM",34.04756,-118.24969
janegetdatdoe ,"IMG_1253.JPG
 ~/Documents/Personal/Cal Hacks/Sample Data_2014-2018 copy","2/9/18, 2:10 PM",33.74466,-117.96803
janegetdatdoe ,IMG_1258_Facetune_23-11-2018-17-14-33.heic ~/Documents/Personal/Cal Hacks/Sample Data_2014-2018 copy,"11/22/18, 7:26 PM",33.756069,-117.90762
janegetdatdoe ,"IMG_1307.JPG
 ~/Documents/Personal/Cal Hacks/Sample Data_2014-2018 copy","3/4/17, 9:09 PM",33.77715,-117.80926
janegetdatdoe ,"IMG_1308.JPG
 ~/Documents/Personal/Cal Hacks/Sample Data_2014-2018 copy","10/31/14, 10:00 PM",33.67909,-117.81962
janegetdatdoe ,"IMG_1340.JPG
 ~/Documents/Personal/Cal Hacks/Sample Data_2014-2018 copy","3/6/17, 12:12 PM",33.67699,-117.777619
janegetdatdoe ,"IMG_1423.JPG
 ~/Documents/Personal/Cal Hacks/Sample Data_2014-2018 copy","11/15/14, 7:50 PM",33.65097,-117.83182
janegetdatdoe ,"IMG_1429.JPG
 ~/Documents/Personal/Cal Hacks/Sample Data_2014-2018 copy","2/13/18, 9:39 AM",33.83903,-117.9894
janegetdatdoe ,"IMG_1516.JPG
 ~/Documents/Personal/Cal Hacks/Sample Data_2014-2018 copy","3/11/17, 8:49 PN",33.77045,-117.86799
janegetdatdoe ,"IMG_1519.JPG
 ~/Documents/Personal/Cal Hacks/Sample Data_2014-2018 copy","2/14/18, 9:18 PM",33.663019,-117.90309
janegetdatdoe ,"IMG_1562.HEIC
 ~/Documents/Personal/Cal Hacks/Sample Data_2014-2018 copy","12/26/18, 2:01 PM",33.77515,-117.87024
janegetdatdoe ,IMG_1578_Facetune_28-12-2018-16-07-39.heic ~/Documents/Personal/Cal Hacks/Sample Data_2014-2018 opy,"12/28/18, 3:13 PM",33.726369,-117.79328
janegetdatdoe ,"IMG_1598.HEIC
 ~/Documents/Personal/Cal Hacks/Sample Data_2014-2018 сору","12/29/18, 10:02 AM",33.72894,-117.95507
janegetdatdoe ,"IMG_1618.JPG
 ~/Documents/Personal/Cal Hacks/Sample Data_2014-2018 copy","3/17/17, 6:39 PM",33.98584,-117.37131
janegetdatdoe ,"IMG_1651.JPG
 ~/Documents/Personal/Cal Hacks/Sample Data_2014-2018 сору","4/5/16, 4:33 PM",33.6511,-117.83155
janegetdatdoe ,"IMG_1718.JPG
 ~/Documents/Personal/Cal Hacks/Sample Data_2014-2018 copy","2/16/18, 10:29 PM",33.66715,-117.9007
janegetdatdoe ,"IMG_1787.JPG
 ~/Documents/Personal/Cal Hacks/Sample Data_2014-2018 opy","2/18/18, 7:45 PM",33.6665,-117.89797
janegetdatdoe ,"IMG_1788.JPG
 ~/Documents/Personal/Cal Hacks/Sample Data_2014-2018 opy","4/13/16, 4:36 PM",33.651259,-117.83165
janegetdatdoe ,"IMG_1819.JPG
 ~/Documents/Personal/Cal Hacks/Sample Data _2014-2018 copy","3/19/17, 12:38 PM",33.9851,-117.37161
janegetdatdoe ,"IMG_1883.JPG
 ~/Documents/Personal/Cal Hacks/Sample Data_2014-2018 opy","3/23/17, 2:38 PM",34.04928,-118.26391
janegetdatdoe ,"IMG_1914.JPG
 ~/Documents/Personal/Cal Hacks/Sample Data_2014-2018 сору","3/23/17, 3:26 PM",34.053619,-118.24294
janegetdatdoe ,"IMG_1921.JPG
 ~/Documents/Personal/Cal Hacks/Sample Data_2014-2018 copy","12/5/14, 7:04 PM",33.68784,-117.85865
janegetdatdoe ,"IMG_1941.JPG
 ~/Documents/Personal/Cal Hacks/Sample Data_2014-2018 copy","2/22/18, 4:46 PM",33.67662,-117.77841
janegetdatdoe ,"IMG_1979.JPG
 ~/Documents/Personal/Cal Hacks/Sample Data_2014-2018 opy","9/14/13, 5:02 PM",33.6645,-117.8085
janegetdatdoe ,"IMG_2012.HEIC
 ~/Documents/Personal/Cal Hacks/Sample Data_2014-2018 copy","7/7/18, 12:24 AM",34.13628,-118.04479
janegetdatdoe ,"IMG_2052.JPG
 ~/Documents/Personal/Cal Hacks/Sample Data_2014-2018 opy","2/23/18, 10:21 PM",33.76004,-117.95126
janegetdatdoe ,"IMG _2063.JPG
 ~/Documents/Personal/Cal Hacks/Sample Data_2014-2018 copy","3/23/17, 7:10 PM",34.06174,-118.25594
janegetdatdoe ,"IMG_2091.JPG
 ~/Documents/Personal/Cal Hacks/Sample Data_2014-2018 copy","2/24/18, 8:05 PM",33.84479,-117.98676
janegetdatdoe ,"IMG_2121.JPG
 ~/Documents/Personal/Cal Hacks/Sample Data_2014-2018 copy","2/25/18, 11:06 AM",33.73338,-117.81365
janegetdatdoe ,"IMG_2132.JPG
 ~/Documents/Personal/Cal Hacks/Sample Data_2014-2018 copy","2/25/18, 11:59 PM",33.98825,-117.91921
janegetdatdoe ,"IMG_2189.JPG
 -/Documents/Personal/Cal Hacks/Sample Data_2014-2018 copy","3/31/17, 2:33 PM",33.68234,-117.81333
janegetdatdoe ,"IMG_2196.JPG
 /Documents/Personal/Cal Hacks/Sample Data_2014-2018 copy","3/31/17, 7:55 PM",33.64004,-117.80931
janegetdatdoe ,"IMG_2207.JPG
 ~/Documents/Personal/Cal Hacks/Sample Data _2014-2018 copy","4/3/17, 12:28 AM",33.64974,-117.83884
janegetdatdoe ,"IMG_2216.JPG
 ~/Documents/Personal/Cal Hacks/Sample Data_2014-2018 copy","4/3/17, 11:40 PM",32.70453,-117.15781
janegetdatdoe ,"IMG_2248.JPG
 ~/Documents/Personal/Cal Hacks/Sample Data_2014-2018 copy","2/27/18, 5:41 PM",33.71109,-117.84949
janegetdatdoe ,"IMG_2310.JPG
 ~/Documents/Personal/Cal Hacks/Sample Data_2014-2018 copy","2/8/17, 11:02 AM",33.67476,-117.77631
janegetdatdoe ,"IMG_2319.JPG
 ~/Documents/Personal/Cal Hacks/Sample Data_2014-2018 copy","5/4/16, 3:10 PM",33.65118,-117.83166
janegetdatdoe ,"IMG_2324.JPG
 ~/Documents/Personal/Cal Hacks/Sample Data_2014-2018 copy","11/24/14, 3:46 PM",34.04011,-118.27047
janegetdatdoe ,"IMG_2326.JPG
 ~/Documents/Personal/Cal Hacks/Sample Data_2014-2018 copy","5/4/16, 4:59 PM",33.65109,-117.83167
janegetdatdoe ,"IMG_2358.JPG
 ~/Documents/Personal/Cal Hacks/Sample Data_2014-2018 copy","3/6/18, 11:28 AM",33.6765,-117.77618
janegetdatdoe ,"IMG_2395.JPG
 -/Documents/Personal/Cal Hacks/Sample Data_2014-2018 copy","4/16/17, 7:48 PM",34.062059,-118.133219
janegetdatdoe ,"IMG_2439.JPG
 ~/Documents/Personal/Cal Hacks/Sample Data_2014-2018 cop","3/9/18, 1:24 PM",33.839199,-117.98939
janegetdatdoe ,"IMG_2510.JPG
 ~/Documents/Personal/Cal Hacks/Sample Data_2014-2018 copy","3/11/18, 11:22 AM",33.83926,-117.98918
janegetdatdoe ,"IMG_2607.JPG
 ~/Documents/Personal/Cal Hacks/Sample Data_2014-2018 copy","3/14/18, 6:46 PM",33.75588,-117.85339
janegetdatdoe ,"IMG_2627.JPG
 ~/Documents/Personal/Cal Hacks/Sample Data_2014-2018 copy","3/15/18, 3:55 PM",33.687539,-117.77167
janegetdatdoe ,"IMG_2649.JPG
 ~/Documents/Personal/Cal Hacks/Sample Data_2014-2018 cop","4/28/17, 10:40 AM",33.764669,-117.92753
janegetdatdoe ,"IMG_2663.JPG
 ~/Documents/Personal/Cal Hacks/Sample Data_2014-2018 copy","4/28/17, 10:29 PM",33.80875,-117.92156
janegetdatdoe ,"IMG_2681.JPG
 ~/Documents/Personal/Cal Hacks/Sample Data_2014-2018 copy","4/29/17, 1:47 PM",33.675699,-117.77679
janegetdatdoe ,"IMG_2685.JPG
 ~/Documents/Personal/Cal Hacks/Sample Data_2014-2018 сору","3/18/18, 4:36 PM",34.07409,-118.3269
janegetdatdoe ,"IMG_2699.JPG
 ~/Documents/Personal/Cal Hacks/Sample Data_2014-2018 сору","4/30/17, 8:00 AM",33.620879,-117.8764
janegetdatdoe ,"IMG_2708.JPG
 ~/Documents/Personal/Cal Hacks/Sample Data_2014-2018 cop","4/30/17, 11:03 AM",33.61515,-117.87214
janegetdatdoe ,"IMG_2743.JPG
 ~/Documents/Personal/Cal Hacks/Sample Data_2014-2018 сору","1/16/15, 5:08 PM",33.649519,-117.83941
janegetdatdoe ,"IMG_2761.JPG
 ~/Documents/Personal/Cal Hacks/Sample Data_2014-2018 cop","5/6/17, 10:30 AM",33.72309,-117.90857
janegetdatdoe ,"IMG_2778.JPG
 ~/Documents/Personal/Cal Hacks/Sample Data_2014-2018 copy","12/25/14, 4:18 PM",33.75608,-117.90753
janegetdatdoe ,"IMG_2828.JPG
 ~/Documents/Personal/Cal Hacks/Sample Data_2014-2018 copy","3/24/18, 6:19 PM",33.94603,-118.38448
janegetdatdoe ,"IMG_2886.JPG
 ~/Documents/Personal/Cal Hacks/Sample Data_2014-2018 copy","10/28/13, 2:22 PM",33.66341,-117.80721
janegetdatdoe ,"IMG_2911.JPG
 ~/Documents/Personal/Cal Hacks/Sample Data_2014-2018 copy","3/23/18, 2:45 PM",33.80276,-118.12081
janegetdatdoe ,"IMG_2915.JPG
 ~/Documents/Personal/Cal Hacks/Sample Data_2014-2018 copy","3/25/18, 11:33 AM",33.9462,-118.38434
janegetdatdoe ,"IMG_2974.JPG
 ~/Documents/Personal/Cal Hacks/Sample Data_2014-2018 copy","3/28/18, 10:53 PM",33.84459,-117.9874
janegetdatdoe ,"IMG_2988.JPG
 ~/Documents/Personal/Cal Hacks/Sample Data_2014-2018 copy","3/29/18, 9:13 PM",33.8443,-117.98796
janegetdatdoe ,"IMG_3016.JPG
 ~/Documents/Personal/Cal Hacks/Sample Data_2014-2018 copy","4/15/17, 1:52 PM",33.7444,-117.75926
janegetdatdoe ,"IMG_3064.JPG
 ~/Documents/Personal/Cal Hacks/Sample Data_2014-2018 copy","5/26/17, 11:38 AM",33.67669,-117.76601
janegetdatdoe ,"IMG_3147.JPG
 ~/Documents/Personal/Cal Hacks/Sample Data_2014-2018 copy","4/1/18, 1:30 PM",34.41903,-119.69822
janegetdatdoe ,"IMG_3198.jpg
 ~/Documents/Personal/Cal Hacks/Sample Data_2014-2018 copy","10/31/17, 7:26 PM",33.697619,-117.82748
janegetdatdoe ,"IMG_3260.JPG
 ~/Documents/Personal/Cal Hacks/Sample Data_2014-2018 copy","5/26/17, 7:50 PM",33.6505,-117.83189
janegetdatdoe ,"IMG_3281.JPG
 ~/Documents/Personal/Cal Hacks/Sample Data_2014-2018 copy","5/27/17, 7:36 PN",33.669819,-117.90917
janegetdatdoe ,"IMG_3284.JPG
 ~/Documents/Personal/Cal Hacks/Sample Data_2014-2018 copy","5/27/17, 7:40 PM",33.66974,-117.90912
janegetdatdoe ,"IMG_3285.JPEG
 ~/Documents/Personal/Cal Hacks/Sample Data_2014-2018 copy","5/27/17, 8:53 PM",33.669719,-117.90909
janegetdatdoe ,"IMG_3287.JPG
 ~/Documents/Personal/Cal Hacks/Sample Data_2014-2018 copy","5/27/17, 8:56 PM",33.66975,-117.90926
janegetdatdoe ,"IMG_3306.JPG
 ~/Documents/Personal/Cal Hacks/Sample Data_2014-2018 copy","5/27/17, 9:12 PM",33.6697,-117.9093
janegetdatdoe ,"IMG_3317.JPG
 ~/Documents/Personal/Cal Hacks/Sample Data_2014-2018 copy","5/28/17, 12:30 PM",33.65115,-117.83162
janegetdatdoe ,"IMG_3328.JPG
 ~/Documents/Personal/Cal Hacks/Sample Data_2014-2018 copy","2/13/15, 11:58 PM",33.75609,-117.90765
janegetdatdoe ,"IMG_3342.JPG
 ~/Documents/Personal/Cal Hacks/Sample Data_2014-2018 copy","5/28/17, 9:31 PM",33.72992,-117.95641
janegetdatdoe ,"IMG_3377.JPG
 ~/Documents/Personal/Cal Hacks/Sample Data_2014-2018 copy","5/28/17, 9:36 PM",33.72968,-117.95641
janegetdatdoe ,"IMG_3413.JPEG
 ~/Documents/Personal/Cal Hacks/Sample Data_2014-2018 copy","5/26/17, 2:23 PM",33.67762,-117.88605
janegetdatdoe ,"IMG_3468.JPG
 ~/Documents/Personal/Cal Hacks/Sample Data_2014-2018 copy","4/6/18, 5:47 PM",33.54413,-117.78838
janegetdatdoe ,"IMG_3513.JPG
 ~/Documents/Personal/Cal Hacks/Sample Data_2014-2018 copy","6/5/17, 12:20 AM",33.85749,-118.08471
janegetdatdoe ,"IMG_3548.JPG
 ~/Documents/Personal/Cal Hacks/Sample Data_2014-2018 copy","6/5/17, 9:57 PM",33.756319,-117.90752
janegetdatdoe ,"IMG_3560.JPG
 ~/Documents/Personal/Cal Hacks/Sample Data_2014-2018 copy","6/6/17, 5:56 PM",33.8316,-117.91196
janegetdatdoe ,"IMG_3635.JPG
 ~/Documents/Personal/Cal Hacks/Sample Data_2014-2018 copy","6/9/17, 2:36 PM",33.69828,-117.82789
janegetdatdoe ,"IMG_3646.JPG
 ~/Documents/Personal/Cal Hacks/Sample Data_2014-2018 copy","6/10/17, 3:01 PM",33.71589,-117.96393
janegetdatdoe ,"IMG_3673.JPG
 ~/Documents/Personal/Cal Hacks/Sample Data_2014-2018 copy","6/10/17, 6:33 PM",34.072259,-118.36508
janegetdatdoe ,"IMG_3687.JPG
 ~/Documents/Personal/Cal Hacks/Sample Data_2014-2018 copy","6/11/17, 3:31 PM",33.79349,-117.7511
janegetdatdoe ,"IMG_3698.jpg
 ~/Documents/Personal/Cal Hacks/Sample Data_2014-2018 copy","2/9/18, 5:39 PM",34.063599,-118.13309
janegetdatdoe ,"IMG_3745.JPG
 ~/Documents/Personal/Cal Hacks/Sample Data_2014-2018 copy","6/16/17, 7:43 PM",33.66741,-117.89833
janegetdatdoe ,IMG_3760.JPG,"6/17/17, 3:27 PM",33.69048,-117.91594
janegetdatdoe ,"IMG_3826.JPG
 ~/Documents/Personal/Cal Hacks/Sample Data_2014-2018 opy","6/2/17, 7:02 PM",34.05065,-118.24757
janegetdatdoe ,"IMG_3836.JPG
 ~/Documents/Personal/Cal Hacks/Sample Data_2014-2018 copy","6/23/17, 2:44 AM",33.66543,-117.85175
janegetdatdoe ,"IMG_3850.JPG
 ~/Documents/Personal/Cal Hacks/Sample Data_2014-2018 copy","6/23/17, 11:05 AM",33.711119,-117.94456
janegetdatdoe ,"IMG_3854.JPG
 ~/Documents/Personal/Cal Hacks/Sample Data_2014-2018 copy","4/11/18, 4:00 PM",33.8394,-117.9949
janegetdatdoe ,"IMG_3876.JPG
 ~/Documents/Personal/Cal Hacks/Sample Data_2014-2018 copy","4/11/18, 8:29 PM",34.074209,-118.32711
janegetdatdoe ,"IMG_4005.JPG
 ~/Documents/Personal/Cal Hacks/Sample Data_2014-2018 сору","4/14/18, 12:58 AM",33.68074,-116.24137
janegetdatdoe ,"IMG_4032.JPG
 ~/Documents/Personal/Cal Hacks/Sample Data_2014-2018 copy","6/27/17, 9:06 PM",33.80414,-118.01469
janegetdatdoe ,"IMG_4039.JPG
 ~/Documents/Personal/Cal Hacks/Sample Data_2014-2018 сору","4/14/18, 8:31 PM",33.68284,-116.23795
janegetdatdoe ,"IMG_4077.JPEG
 ~/Documents/Personal/Cal Hacks/Sample Data_2014-2018 copy","7/1/17, 8:40 PM",34.13629,-118.04486
janegetdatdoe ,"IMG_4085.JPG
 ~/Documents/Personal/Cal Hacks/Sample Data_2014-2018 copy","4/15/18, 3:05 PM",33.680729,-116.24106
janegetdatdoe ,"IMG_4111.JPG
 ~/Documents/Personal/Cal Hacks/Sample Data_2014-2018 copy","기2/17, 7:54 AM",33.651149,-117.83167
janegetdatdoe ,"IMG_4119.JPG
 ~/Documents/Personal/Cal Hacks/Sample Data_2014-2018 copy","6/25/18, 3:00 PM",32.853799,-117.26131
janegetdatdoe ,"IMG_4140.JPG
 ~/Documents/Personal/Cal Hacks/Sample Data_2014-2018 copy","6/15/16, 3:31 PM",34.045269,-118.23834
janegetdatdoe ,"IMG_4141.JPG
 ~/Documents/Personal/Cal Hacks/Sample Data_2014-2018 copy","6/15/16, 2:45 PM",34.045139,-118.23657
janegetdatdoe ,"IMG_4226.JPG
 ~/Documents/Personal/Cal Hacks/Sample Data_2014-2018 copy","74/17, 10:46 PM",34.049839,-118.24282
janegetdatdoe ,"IMG_4270.JPG
 ~/Documents/Personal/Cal Hacks/Sample Data_2014-2018 copy","6/23/16, 1:50 PM",33.651109,-117.8317
janegetdatdoe ,"IMG_4271.JPG
 ~/Documents/Personal/Cal Hacks/Sample Data_2014-2018 copy","기5/17, 1:03 AM",34.068989,-118.293149
janegetdatdoe ,"IMG_4334.JPG
 ~/Documents/Personal/Cal Hacks/Sample Data_2014-2018 copy","1/11/14, 5:06 PM",33.804869,-117.92091
janegetdatdoe ,"IMG_4375.JPG
~/Documents/Personal/Cal Hacks/Sample Data_2014-2018 copy","717/17, 11:25 AM",33.90257,-117.900919
janegetdatdoe ,"IMG_4441.JPG
 ~/Documents/Personal/Cal Hacks/Sample Data_2014-2018 сору","6/25/16, 5:46 PM",33.71652,-117.95756
janegetdatdoe ,"IMG_4573.JPG
 ~/Documents/Personal/Cal Hacks/Sample Data_2014-2018 сору","7/14/17, 1:03 AM",33.6511,-117.83169
janegetdatdoe ,"IMG_4585.JPG
 ~/Documents/Personal/Cal Hacks/Sample Data_2014-2018 copy","4/9/15, 3:35 PM",33.61665,-117.8766
janegetdatdoe ,"IMG_4627.JPG
 ~/Documents/Personal/Cal Hacks/Sample Data_2014-2018 сору",,33.65918,-117.7605
janegetdatdoe ,"IMG_4642.JPG
 ~/Documents/Personal/Cal Hacks/Sample Data_2014-2018 copy","2/3/18, 2:28 PM",33.775219,-117.87022
janegetdatdoe ,"IMG_4683.JPG
 ~/Documents/Personal/Cal Hacks/Sample Data_2014-2018 copy","7/10/17, 10:37 AM",33.67703,-117.77895
janegetdatdoe ,"IMG_4693.JPG
 ~/Documents/Personal/Cal Hacks/Sample Data_2014-2018 copy","4/27/18, 4:11 PM",33.83917,-117.98936
janegetdatdoe ,"IMG_4718.JPG
 ~/Documents/Personal/Cal Hacks/Sample Data_2014-2018 copy","4/29/18, 12:31 PM",33.83895,-117.98946
janegetdatdoe ,"IMG_4775.JPEG
 ~/Documents/Personal/Cal Hacks/Sample Data_2014-2018 copy","5/4/18, 10:33 AM",33.838999,-117.98939
janegetdatdoe ,"IMG_4801.JPG
 ~/Documents/Personal/Cal Hacks/Sample Data_2014-2018 copy","기4/16, 8:10 PM",33.73529,-117.94112
janegetdatdoe ,"IMG_4946.JPG
 ~/Documents/Personal/Cal Hacks/Sample Data_2014-2018 copy","7/20/17, 10:23 PM",33.700019,-117.91768
janegetdatdoe ,"IMG_4951.HEIC
 ~/Documents/Personal/Cal Hacks/Sample Data_2014-2018 copy","5/6/18, 8:32 PM",32.71066,-117.17001
janegetdatdoe ,"IMG_4982.JPG
 ~/Documents/Personal/Cal Hacks/Sample Data_2014-2018 copy","기/25/17, 7:10 PM",34.043389,-118.25484
janegetdatdoe ,"IMG_5028.JPG
 ~/Documents/Personal/Cal Hacks/Sample Data_2014-2018 copy","기/25/17, 11:33PM",33.604939,-117.91876
janegetdatdoe ,"IMG_5091.HEIC
 ~/Documents/Personal/Cal Hacks/Sample Data_2014-2018 copy","5/9/18, 8:11 PM",33.79156,-117.91641
janegetdatdoe ,"IMG_5117.JPG
 ~/Documents/Personal/Cal Hacks/Sample Data_2014-2018 сору","7/26/17, 9:10 AM",33.665099,-117.70768
janegetdatdoe ,"IMG_5165.JPG
 ~/Documents/Personal/Cal Hacks/Sample Data_2014-2018 copy","7/10/16, 8:13 PM",33.557509,-117.76106
janegetdatdoe ,"IMG_5188.JPG
 ~/Documents/Personal/Cal Hacks/Sample Data_2014-2018 copy","7/13/16, 3:59 AM",33.654699,-117.83319
janegetdatdoe ,"IMG_5202.HEIC
 ~/Documents/Personal/Cal Hacks/Sample Data_2014-2018 copy","5/10/18, 10:39 PM",33.88248,-117.88053
janegetdatdoe ,"IMG_5239.HEIC
 ~/Documents/Personal/Cal Hacks/Sample Data_2014-2018 сору","5/11/18, 9:24 PM",33.7009,-117.77701
janegetdatdoe ,"IMG_5258.JPG
 ~/Documents/Personal/Cal Hacks/Sample Data_2014-2018 сору","기27/17,7:53PM",33.715289,-117.9642
janegetdatdoe ,"IMG_5343.JPG
 ~/Documents/Personal/Cal Hacks/Sample Data_2014-2018 copy","12/31/17, 2:13 AM",32.75539,-117.21259
janegetdatdoe ,"IMG_5346.JPG
 ~/Documents/Personal/Cal Hacks/Sample Data_2014-2018 copy","5/10/18, 10:49 AM",33.695379,-117.79946
janegetdatdoe ,"IMG_5352.HEIC
 ~/Documents/Personal/Cal Hacks/Sample Data_2014-2018 copy","5/12/18, 11:19 AM",33.83902,-117.98939
janegetdatdoe ,"IMG_5362.JPEG
 ~/Documents/Personal/Cal Hacks/Sample Data_2014-2018 copy","5/12/18, 1:46 PM",33.866729,-118.28528
janegetdatdoe ,"IMG_5375.HEIC
 ~/Documents/Personal/Cal Hacks/Sample Data_2014-2018 copy","5/12/18, 11:59 PM",33.71352,-117.97224
janegetdatdoe ,"IMG_5407.HEIC
 ~/Documents/Personal/Cal Hacks/Sample Data_2014-2018 сору","5/13/18, 11:52 AM",33.721139,-117.9886
janegetdatdoe ,"IMG_5438.JPG
 ~/Documents/Personal/Cal Hacks/Sample Data_2014-2018 copy","기/29/17, 4:17 PM",34.234169,-116.95987
janegetdatdoe ,"IMG_5455.HEIC
 ~/Documents/Personal/Cal Hacks/Sample Data_2014-2018 copy","5/15/18, 2:51 PM",33.67555,-117.77937
janegetdatdoe ,"IMG_5475.JPEG
 ~/Documents/Personal/Cal Hacks/Sample Data_2014-2018 copy","5/16/18, 10:39 PM",34.120949,-118.20518
janegetdatdoe ,"IMG_5518.JPEG
 ~/Documents/Personal/Cal Hacks/Sample Data_2014-2018 copy","5/16/18, 11:47 PM",34.109619,-118.19369
janegetdatdoe ,"IMG_5527.JPG
 ~/Documents/Personal/Cal Hacks/Sample Data_2014-2018 copy","12/27/16, 8:31 PM",33.831549,-117.91198
janegetdatdoe ,"IMG_5536.HEIC
 ~/Documents/Personal/Cal Hacks/Sample Data_2014-2018 copy","5/17/18, 2:28 PM",33.659,-117.76027
janegetdatdoe ,"IMG_5536.JPG
 ~/Documents/Personal/Cal Hacks/Sample Data_2014-2018 copy","12/27/16, 9:11 PM",33.8089,-117.92506
janegetdatdoe ,"IMG_5587.JPG
 ~/Documents/Personal/Cal Hacks/Sample Data_2014-2018 copy","7/28/16, 5:38 PM",33.655049,-117.99799
janegetdatdoe ,"IMG_5637.JPG
 ~/Documents/Personal/Cal Hacks/Sample Data_2014-2018 cop","29/16, 11:24 AM",33.651169,-117.83157
janegetdatdoe ,"IMG_5707.JPG
 ~/Documents/Personal/Cal Hacks/Sample Data_2014-2018 copy","7/29/16, 5:02 PM",34.054399,-118.25058
janegetdatdoe ,"IMG_5756.JPG
 ~/Documents/Personal/Cal Hacks/Sample Data_2014-2018 copy","8/3/17, 12:03 PM",33.544109,-117.78836
janegetdatdoe ,"IMG_6273.HEIC
 ~/Documents/Personal/Cal Hacks/Sample Data_2014-2018 copy","5/25/18, 5:17 PM",33.67747,-117.88591
janegetdatdoe ,"IMG_6300.JPG
 ~/Documents/Personal/Cal Hacks/Sample Data_2014-2018 copy","8/5/17, 4:01 PM",33.651219,-117.83163
janegetdatdoe ,"IMG_6458.JPG
 ~/Documents/Personal/Cal Hacks/Sample Data_2014-2018 copy","5/28/18, 3:29 PM",34.952549,-85.22771
janegetdatdoe ,"IMG_6496.JPG
 ~/Documents/Personal/Cal Hacks/Sample Data_2014-2018 copy","8/5/17, 7:58 PM",34.20225,-117.40347
janegetdatdoe ,"IMG_6576.JPG
 ~/Documents/Personal/Cal Hacks/Sample Data_2014-2018 copy","8/7/17, 7:23 AM",33.749319,-118.27445
janegetdatdoe ,"IMG_6587.JPG
 ~/Documents/Personal/Cal Hacks/Sample Data_2014-2018 copy","8/7/17, 8:07 AM",33.73695,-118.27698
janegetdatdoe ,"IMG_6715.HEIC
 ~/Documents/Personal/Cal Hacks/Sample Data_2014-2018 copy","6/1/18, 3:21 PM",34.952029,-85.22766
janegetdatdoe ,"IMG_6881.JPG
 ~/Documents/Personal/Cal Hacks/Sample Data_2014-2018 сору","8/7/17, 7:31 PM",33.495649,-118.27537
janegetdatdoe ,"IMG_6915.JPG
 ~/Documents/Personal/Cal Hacks/Sample Data_2014-2018 copy",,,
janegetdatdoe ,"IMG_6967.HEIC
 ~/Documents/Personal/Cal Hacks/Sample Data_2014-2018 copy","6/6/18, 5:24 PM",35.10387,-110.99162
janegetdatdoe ,"IMG_7024.HEIC
 ~/Documents/Personal/Cal Hacks/Sample Data_2014-2018 copy","6/10/18, 12:34 AM",33.83904,-117.9894
janegetdatdoe ,"IMG_7030.HEIC
 ~/Documents/Personal/Cal Hacks/Sample Data_2014-2018 copy","6/10/18, 10:19 AM",33.83905,-117.98939
janegetdatdoe ,"IMG_7108.HEIC
 ~/Documents/Personal/Cal Hacks/Sample Data_2014-2018 copy","6/17/18, 4:28 AM",33.83912,-117.98942
janegetdatdoe ,"IMG_7119.HEIC
 ~/Documents/Personal/Cal Hacks/Sample Data_2014-2018 copy","6/19/18, 7:21 PM",33.797799,-117.65517
janegetdatdoe ,"IMG_7158.HEIC
 ~/Documents/Personal/Cal Hacks/Sample Data_2014-2018 copy","6/20/18, 2:35 PM",33.859779,-117.99734
janegetdatdoe ,"IMG_7175.JPG
 ~/Documents/Personal/Cal Hacks/Sample Data_2014-2018 copy","8/13/17, 8:27 PM",33.667339,-117.89941
janegetdatdoe ,"IMG_7223.JPG
 ~/Documents/Personal/Cal Hacks/Sample Data_2014-2018 copy","8/15/17, 6:25 AM",35.61682,-119.65349
janegetdatdoe ,"IMG_7232.HEIC
 ~/Documents/Personal/Cal Hacks/Sample Data_2014-2018 copy","6/20/18, 10:24 PM",33.643219,-117.91895
janegetdatdoe ,"IMG_7250.JPG
 ~/Documents/Personal/Cal Hacks/Sample Data_2014-2018 copy|","9/4/16, 10:17 AM",33.65109,-117.83159
janegetdatdoe ,"IMG_7252.HEIC
 ~/Documents/Personal/Cal Hacks/Sample Data_2014-2018 сору","6/25/18, 8:39 AM",33.75619,-117.90762
janegetdatdoe ,"IMG_7345.JPG
 ~/Documents/Personal/Cal Hacks/Sample Data_2014-2018 сору","8/20/15, 12:16 PM",33.65185,-117.82326
janegetdatdoe ,"IMG_7390.JPG
 ~/Documents/Personal/Cal Hacks/Sample Data_2014-2018 copy","9/8/16, 12:46 AM",33.77409,-117.86939
janegetdatdoe ,"IMG_7400.HEIC
 ~/Documents/Personal/Cal Hacks/Sample Data_2014-2018 copy","6/26/18, 8:37 PM",33.65234,-117.7456
janegetdatdoe ,"IMG_7409.JPG
 ~/Documents/Personal/Cal Hacks/Sample Data_2014-2018 copy","8/20/17, 12:34 PM",33.78804,-117.66064
janegetdatdoe ,"IMG_7491.JPG
 ~/Documents/Personal/Cal Hacks/Sample Data_2014-2018 сору|","8/24/17, 6:45 PM",33.881879,-117.88848
janegetdatdoe ,"IMG_7510.JPG
 ~/Documents/Personal/Cal Hacks/Sample Data_2014-2018 copy","8/25/17, 12:08 PM",33.664519,-117.83079
janegetdatdoe ,"IMG_7670.JPG
 ~/Documents/Personal/Cal Hacks/Sample Data_2014-2018 сору|","9/19/15, 8:04 PM",33.651089,-117.83161
janegetdatdoe ,"IMG_7754.JPG
 ~/Documents/Personal/Cal Hacks/Sample Data_2014-2018 copy","9/4/17, 12:29 AM",33.651169,-117.83159
janegetdatdoe ,"IMG_7796.HEIC
 ~/Documents/Personal/Cal Hacks/Sample Data_2014-2018 copy","6/28/18, 12:21 PM",33.78194,-117.86711
janegetdatdoe ,"IMG_7804.HEIC
 ~/Documents/Personal/Cal Hacks/Sample Data_2014-2018 copy","6/29/18, 12:51 AM",33.65575,-117.75716
janegetdatdoe ,"IMG_7819.HEIC
 ~/Documents/Personal/Cal Hacks/Sample Data_2014-2018 copy","6/29/18, 8:38 AM",33.768849,-118.13152
janegetdatdoe ,"IMG_7842.JPG
 ~/Documents/Personal/Cal Hacks/Sample Data_2014-2018 copy","9/10/17, 5:05 PM",33.77336,-117.97115
janegetdatdoe ,"IMG_7875.HEIC
 ~/Documents/Personal/Cal Hacks/Sample Data_2014-2018 copy","기5/18, 4:12 PM",37.87016,-122.25943
janegetdatdoe ,"IMG_7876.JPG
 ~/Documents/Personal/Cal Hacks/Sample Data_2014-2018 copy","9/14/17, 8:49 AM",33.675329,-117.77687
janegetdatdoe ,"IMG_7881.JPG
 ~/Documents/Personal/Cal Hacks/Sample Data_2014-2018 copy","9/16/17, 12:05 PM",33.655389,-117.83068
janegetdatdoe ,"IMG_7892.JPG
 ~/Documents/Personal/Cal Hacks/Sample Data_2014-2018 copy","9/17/17, 2:54 PM",33.541369,-117.78443
janegetdatdoe ,"IMG_7917.HEIC
 ~/Documents/Personal/Cal Hacks/Sample Data_2014-2018 copy","8/18, 1:58 PM",33.64945,-117.74268
janegetdatdoe ,"IMG_7956.JPG
~/Documents/Personal/Cal Hacks/Sample Data_2014-2018 copy","9/21/17, 8:15 PM",33.721189,-117.98851
janegetdatdoe ,"IMG_7985.JPG
 ~/Documents/Personal/Cal Hacks/Sample Data_2014-2018 cop","9/23/17, 1:50 PM",33.73786,-117.95368
janegetdatdoe ,"IM_7993.JPG
 ~/Documents/Personal/Cal Hacks/Sample Data_2014-2018 copy","10/7/16, 7:27 AM",33.65146,-117.82276
janegetdatdoe ,"IMG_8042.JPG
 ~/Documents/Personal/Cal Hacks/Sample Data_2014-2018 copy","9/24/17, 12:55 AM",32.755089,-117.21256
janegetdatdoe ,"IMG_8046.JPG
 ~/Documents/Personal/Cal Hacks/Sample Data_2014-2018 copy",,,
janegetdatdoe ,"IMG_8132.JPG
 ~/Documents/Personal/Cal Hacks/Sample Data_2014-2018 copy","9/29/17, 7:03 PM",33.642249,-117.82579
janegetdatdoe ,"IMG_8189.JPG
 ~/Documents/Personal/Cal Hacks/Sample Data_2014-2018 copy","10/1/17, 10:26 AM",33.669489,-117.91009
janegetdatdoe ,"IMG_8253.JPG
 ~/Documents/Personal/Cal Hacks/Sample Data_2014-2018 copy","10/7/17, 7:46 AM",33.68583,-118.03916
janegetdatdoe ,"IMG_8280.JPG
 ~/Documents/Personal/Cal Hacks/Sample Data_2014-2018 copy","6/20/14, 6:43 PM",33.66268,-117.80744
janegetdatdoe ,"IMG_8337.JPG
 ~/Documents/Personal/Cal Hacks/Sample Data_2014-2018 copy","10/25/16, 1:57 PM",33.66099,-117.81582
janegetdatdoe ,"IMG_8355.JPG
 ~/Documents/Personal/Cal Hacks/Sample Data_2014-2018 copy","10/16/17, 5:23 PM",33.652019,-117.88397
janegetdatdoe ,"IMG_8369.JPG
 ~/Documents/Personal/Cal Hacks/Sample Data_2014-2018 copy","6/20/14, 6:43 PM",33.662679,-117.80745
janegetdatdoe ,"IMG_8374.JPG
 ~/Documents/Personal/Cal Hacks/Sample Data_2014-2018 copy","10/17/17, 9:13 AM",33.675359,-117.77692
janegetdatdoe ,"IMG_8381.JPG
 ~/Documents/Personal/Cal Hacks/Sample Data_2014-2018 copy","10/20/17, 10:33 AM",33.765949,-117.88315
janegetdatdoe ,"IMG_8392.JPG
 ~/Documents/Personal/Cal Hacks/Sample Data_2014-2018 copy","10/21/17, 7:53 PM",33.687879,-117.82267
janegetdatdoe ,"IMG_8426.JPG
 ~/Documents/Personal/Cal Hacks/Sample Data_2014-2018 copy","10/26/17, 6:42 PM",33.678309,-117.77937
janegetdatdoe ,"IMG_8449.JPG
 ~/Documents/Personal/Cal Hacks/Sample Data_2014-2018 copy","10/27/17, 7:58 PM",34.08883,-117.28992
janegetdatdoe ,"IMG_8473.JPG
 ~/Documents/Personal/Cal Hacks/Sample Data_2014-2018 copy","11/5/16, 3:21 PM",33.651159,-117.831519
janegetdatdoe ,"IMG_8523.JPG
 ~/Documents/Personal/Cal Hacks/Sample Data_2014-2018 copy","6/25/14, 11:36 AM",33.662899,-117.80819
janegetdatdoe ,"IMG_8526.JPG
 ~/Documents/Personal/Cal Hacks/Sample Data_2014-2018 copy","6/25/14, 11:38 AM",33.663099,-117.8081
janegetdatdoe ,"IMG_8540.HEIC
 ~/Documents/Personal/Cal Hacks/Sample Data_2014-2018 copy","8/4/18, 4:55 PM",34.07099,-117.49382
janegetdatdoe ,"IMG_8595.JPG
 ~/Documents/Personal/Cal Hacks/Sample Data_2014-2018 copy","10/28/17, 8:36 PM",33.67809,-117.7798
janegetdatdoe ,"IMG_8603.JPG
 ~/Documents/Personal/Cal Hacks/Sample Data_2014-2018 copy","10/31/17, 12:09 AM",34.13839,-117.32803
janegetdatdoe ,"IMG_8628.JPG
 ~/Documents/Personal/Cal Hacks/Sample Data_2014-2018 copy","10/31/17, 3:04 PM",33.82856,-117.99277
janegetdatdoe ,"IMG_8703.JPG
 ~/Documents/Personal/Cal Hacks/Sample Data_2014-2018 copy","11/11/16, 4:18 PM",34.04495,-118.56506
janegetdatdoe ,"IMG_8722.JPG
 ~/Documents/Personal/Cal Hacks/Sample Data_2014-2018 copy","11/3/17, 11:40 AM",34.6582,-118.75464
janegetdatdoe ,"IMG_8726.JPG
 ~/Documents/Personal/Cal Hacks/Sample Data_2014-2018 copy","11/11/16, 7:33 PM",34.04966,-118.24376
janegetdatdoe ,"IMG_8828.JPG
 ~/Documents/Personal/Cal Hacks/Sample Data_2014-2018 copy","12/12/15, 12:21 PM",33.65175,-117.82328
janegetdatdoe ,"IMG_8860.JPG
 ~/Documents/Personal/Cal Hacks/Sample Data_2014-2018 copy","11/19/16, 5:46 PM",33.61876,-117.89331
janegetdatdoe ,"IMG_8887.JPG
 ~/Documents/Personal/Cal Hacks/Sample Data_2014-2018 copy","11/12/17, 5:10 PM",33.651069,-117.83176
janegetdatdoe ,"IMG_8894.JPG
 ~/Documents/Personal/Cal Hacks/Sample Data_2014-2018 copy","11/20/16, 12:54 PM",33.621779,-117.89313
janegetdatdoe ,"IMG_8945.JPG
 ~/Documents/Personal/Cal Hacks/Sample Data_2014-2018 copy","11/19/17, 12:44 AM",32.723409,-117.17484
janegetdatdoe ,"IMG_8963.JPG
 ~/Documents/Personal/Cal Hacks/Sample Data_2014-2018 copy","11/20/16, 12:53 PM",33.6215,-117.89317
janegetdatdoe ,"IMG_8995 сору.JPG
 ~/Documents/Personal/Cal Hacks/Sample Data_2014-2018 copy","11/19/17, 3:29 PM",33.543489,-117.78811
janegetdatdoe ,"IMG_8995.JPG
 ~/Documents/Personal/Cal Hacks/Sample Data_2014-2018 copy","11/23/16, 6:08 PM",33.649479,-117.74262
janegetdatdoe ,"IMG_9062.JPG
 ~/Documents/Personal/Cal Hacks/Sample Data_2014-2018 copy","11/23/17, 10:11 AM",33.65125,-117.8316
janegetdatdoe ,"IMG_9117.JPEG
 ~/Documents/Personal/Cal Hacks/Sample Data_2014-2018 copy",,,
janegetdatdoe ,"IMG_9157.JPG
 ~/Documents/Personal/Cal Hacks/Sample Data_2014-2018 copy","12/2/17, 2:45 PM",33.77671,-117.91707
janegetdatdoe ,"IMG_9172.JPG
~/Documents/Personal/Cal Hacks/Sample Data_2014-2018 copy","12/2/17, 9:30 PM",33.85783,-118.09301
janegetdatdoe ,"IMG_9189.JPG
 ~/Documents/Personal/Cal Hacks/Sample Data_2014-2018 copy","12/3/17, 12:23 PM",34.27995,-118.86652
janegetdatdoe ,"IMG_9199.JPG
 ~/Documents/Personal/Cal Hacks/Sample Data_2014-2018 copy","11/11/16, 12:03 PM",33.71656,-117.95761
janegetdatdoe ,"IMG_9223.JPG
 ~/Documents/Personal/Cal Hacks/Sample Data_2014-2018 copy","8/22/14, 9:33 PM",36.09744,-115.16652
janegetdatdoe ,"IMG_9263.JPG
 ~/Documents/Personal/Cal Hacks/Sample Data_2014-2018 copy","8/24/14, 7:08 PM",34.07526,-117.74924
janegetdatdoe ,"IMG_9279.JPG
 ~/Documents/Personal/Cal Hacks/Sample Data_2014-2018 copy","12/5/17, 3:26 PM",33.795579,-117.88296
janegetdatdoe ,"IMG_9289.JPG
 ~/Documents/Personal/Cal Hacks/Sample Data_2014-2018 copy","8/26/14, 6:00 PM",33.65115,-117.8316
janegetdatdoe ,"IMG_9300.JPG
 ~/Documents/Personal/Cal Hacks/Sample Data_2014-2018 copy","8/26/14, 6:09 PM",33.651139,-117.83156
janegetdatdoe ,"IMG_9323.JPEG
 ~/Documents/Personal/Cal Hacks/Sample Data_2014-2018 copy","12/3/16, 1:47 PM",33.65106,-117.83159
janegetdatdoe ,"IMG_9369.JPG
 ~/Documents/Personal/Cal Hacks/Sample Data_2014-2018 copy","9/5/14, 8:56 PM",33.65332,-117.82498
janegetdatdoe ,"IMG_9425.JPG
 ~/Documents/Personal/Cal Hacks/Sample Data_2014-2018 copy","9/10/14, 12:35 PM",33.65164,-117.82339
janegetdatdoe ,"IMG_9438.JPG
 ~/Documents/Personal/Cal Hacks/Sample Data_2014-2018 copy|","9/11/14, 12:48 PM",33.651439,-117.82404
janegetdatdoe ,"IMG_9457.JPG
 ~/Documents/Personal/Cal Hacks/Sample Data_2014-2018 copy","12/7/17, 5:45 PM",33.6749,-117.77606
janegetdatdoe ,"IMG_9483.JPG
 ~/Documents/Personal/Cal Hacks/Sample Data_2014-2018 copy","12/9/17, 11:43 AM",33.686779,-117.82349
janegetdatdoe ,"IMG_9621.JPG
 ~/Documents/Personal/Cal Hacks/Sample Data_2014-2018 copy","12/10/17, 1:35 AM",33.65112,-117.83165
janegetdatdoe ,"IMG_9636.JPG
 ~/Documents/Personal/Cal Hacks/Sample Data_2014-2018 copy","12/14/17, 2:33 PM",33.6951,-117.75916
janegetdatdoe ,"IMG_9681.JPG
 ~/Documents/Personal/Cal Hacks/Sample Data_2014-2018 copy","12/16/17, 10:32 PM",33.697549,-117.82755
janegetdatdoe ,"IMG_9732.JPEG
 ~/Documents/Personal/Cal Hacks/Sample Data_2014-2018 copy","12/17/17, 3:48 PM",33.651089,-117.83169
janegetdatdoe ,"IMG_9742.JPG
 ~/Documents/Personal/Cal Hacks/Sample Data_2014-2018 copy","12/15/16, 1:51 PM",33.651349,-117.83156
janegetdatdoe ,"IMG_9900.JPG
~/Documents/Personal/Cal Hacks/Sample Data_2014-2018 copy","12/21/16, 12:38 PM",33.6512,-117.83141
janegetdatdoe ,"IMG_9941.JPG
 ~/Documents/Personal/Cal Hacks/Sample Data_2014-2018 copy","12/25/16, 3:45 PM",33.54099,-117.78268
janegetdatdoe ,"IMG_9945.JPG
 ~/Documents/Personal/Cal Hacks/Sample Data_2014-2018 copy","12/17/16, 5:23 PM",33.78778,-117.85324
janegetdatdoe ,"IMG_9960.JPG
 ~/Documents/Personal/Cal Hacks/Sample Data_2014-2018 copy","12/20/17, 7:29 PM",33.74466,-117.8298
janegetdatdoe ,"IMG_9964.JPG
 ~/Documents/Personal/Cal Hacks/Sample Data_2014-2018 copy","12/20/17, 10:21 PM",33.77719,-117.99054
janegetdatdoe ,"IMG_9980.JPG
 ~/Documents/Personal/Cal Hacks/Sample Data_2014-2018 copy","12/21/17, 11:12 AM",33.65144,-117.82121
janegetdatdoe ,"Snapseed copy 2.JPEG
 ~/Documents/Personal/Cal Hacks/Sample Data_2014-2018 copy","12/9/17, 7:13 PM",33.65107,-117.83163
janegetdatdoe ,"Snapseed copy.JPEG
 ~/Documents/Personal/Cal Hacks/Sample Data_2014-2018 copy","6/4/17, 8:27 PM",33.68858,-117.83354
janegetdatdoe ,"Snapseed-1 copy.JPEG
 ~/Documents/Personal/Cal Hacks/Sample Data_2014-2018 cop","5/28/17, 9:31 PM",33.73007,-117.95694
janegetdatdoe ,"Snapseed-1.JPEG
 ~/Documents/Personal/Cal Hacks/Sample Data_2014-2018 copy","9/21/16, 8:19 PM",33.721199,-117.98851
janegetdatdoe ,"Snapseed-2.JPEG
 ~/Documents/Personal/Cal Hacks/Sample Data_2014-2018 copy","4/18/17, 5:02 PM",33.73306,-117.82698
janegetdatdoe ,"Snapseed-3.JPEG
 ~/Documents/Personal/Cal Hacks/Sample Data_2014-2018 copy","3/24/17, 6:51 PM",33.637579,-117.97283
janegetdatdoe ,"Snapseed-4.JPEG
 ~/Documents/Personal/Cal Hacks/Sample Data_2014-2018 copy","3/23/17, 4:22 PM",34.0547,-118.25071
janegetdatdoe ,"Snapseed.JPEG
~/Documents/Personal/Cal Hacks/Sample Data_2014-2018 copy","6/27/18, 2:25 PM",33.742579,-117.8238